sourcePath,line,rawLink,resolvedExpectedTarget,category,canonicalTarget,formalManifestSha256,sourceSha256At81f,formalHashMatchesAt81f,disposition
docs/audit/evidence/GATEAUDIT_PHASE6_L4_B0_REAL_PROCESS_HARNESS.md,50,../../../backend/nq-risk/src/main/java/com/guidinglight/nexusquant/risk/service/KillSwitchRiskRule.java,backend/nq-risk/src/main/java/com/guidinglight/nexusquant/risk/service/KillSwitchRiskRule.java,MOVED_TARGET_HAS_CANONICAL_LOCATION,backend/nq-risk/src/main/java/com/guidinglight/nexusquant/risk/application/rule/KillSwitchRiskRule.java,,f99cf16111c33d893fb7ee21db693d7a970dd794b42aa1f2efced201e211b3f0,False,REPAIR_LINK_TO_CANONICAL_TARGET
docs/audit/evidence/GATEAUDIT_PHASE6_L4_B0_REAL_PROCESS_HARNESS.md,51,../../../backend/nq-core/src/main/java/com/guidinglight/nexusquant/trading/application/OrderCommandWriteService.java,backend/nq-core/src/main/java/com/guidinglight/nexusquant/trading/application/OrderCommandWriteService.java,MOVED_TARGET_HAS_CANONICAL_LOCATION,backend/nq-core/src/main/java/com/guidinglight/nexusquant/trading/application/service/OrderCommandWriteService.java,,f99cf16111c33d893fb7ee21db693d7a970dd794b42aa1f2efced201e211b3f0,False,REPAIR_LINK_TO_CANONICAL_TARGET
docs/audit/evidence/GATEAUDIT_PHASE6_L4_B0_REAL_PROCESS_HARNESS.md,52,../../../backend/nq-core/src/main/java/com/guidinglight/nexusquant/trading/application/OrderCommandService.java,backend/nq-core/src/main/java/com/guidinglight/nexusquant/trading/application/OrderCommandService.java,MOVED_TARGET_HAS_CANONICAL_LOCATION,backend/nq-core/src/main/java/com/guidinglight/nexusquant/trading/application/service/OrderCommandService.java,,f99cf16111c33d893fb7ee21db693d7a970dd794b42aa1f2efced201e211b3f0,False,REPAIR_LINK_TO_CANONICAL_TARGET
docs/audit/evidence/GATEAUDIT_PHASE6_L4_B2_CANCEL_FILL_RACE_AND_PER_FILL_ACCOUNTING.md,37,../../../backend/nq-adapter-okx/src/main/java/com/guidinglight/nexusquant/adapter/okx/service/OkxExchangeAdapter.java,backend/nq-adapter-okx/src/main/java/com/guidinglight/nexusquant/adapter/okx/service/OkxExchangeAdapter.java,MOVED_TARGET_HAS_CANONICAL_LOCATION,backend/nq-adapter-okx/src/main/java/com/guidinglight/nexusquant/adapter/okx/trading/OkxExchangeAdapter.java,,83ccf14fe7f39194e8d126906ea2aefdf7d8a0d95ee0b0a871f0da39b1f7fa13,False,REPAIR_LINK_TO_CANONICAL_TARGET
docs/audit/evidence/GATEAUDIT_PHASE6_L4_B2_CANCEL_FILL_RACE_AND_PER_FILL_ACCOUNTING.md,38,../../../backend/nq-core/src/main/java/com/guidinglight/nexusquant/trading/application/OrderCommandWriteService.java,backend/nq-core/src/main/java/com/guidinglight/nexusquant/trading/application/OrderCommandWriteService.java,MOVED_TARGET_HAS_CANONICAL_LOCATION,backend/nq-core/src/main/java/com/guidinglight/nexusquant/trading/application/service/OrderCommandWriteService.java,,83ccf14fe7f39194e8d126906ea2aefdf7d8a0d95ee0b0a871f0da39b1f7fa13,False,REPAIR_LINK_TO_CANONICAL_TARGET
docs/audit/evidence/GATEAUDIT_PHASE6_L4_B2_CANCEL_FILL_RACE_AND_PER_FILL_ACCOUNTING.md,39,../../../backend/nq-scheduler/src/main/java/com/guidinglight/nexusquant/scheduler/service/OkxRestReconcileService.java,backend/nq-scheduler/src/main/java/com/guidinglight/nexusquant/scheduler/service/OkxRestReconcileService.java,MOVED_TARGET_HAS_CANONICAL_LOCATION,backend/nq-scheduler/src/main/java/com/guidinglight/nexusquant/scheduler/recovery/OkxRestReconcileService.java,,83ccf14fe7f39194e8d126906ea2aefdf7d8a0d95ee0b0a871f0da39b1f7fa13,False,REPAIR_LINK_TO_CANONICAL_TARGET
docs/audit/evidence/GATEAUDIT_PHASE6_L4_B2_CANCEL_FILL_TERMINAL_CONVERGENCE_REMEDIATION_ATTEMPT01.md,22,../../../backend/nq-core/src/main/java/com/guidinglight/nexusquant/trading/application/OrderLifecycleService.java,backend/nq-core/src/main/java/com/guidinglight/nexusquant/trading/application/OrderLifecycleService.java,MOVED_TARGET_HAS_CANONICAL_LOCATION,backend/nq-core/src/main/java/com/guidinglight/nexusquant/trading/application/service/OrderLifecycleService.java,,0d3ec02cd4374c7f03621777cbdd8b0c01bb4bf48938560784f8b1aaa0cd1a03,False,REPAIR_LINK_TO_CANONICAL_TARGET
docs/audit/evidence/GATEAUDIT_PHASE6_L4_B2_CANCEL_FILL_TERMINAL_CONVERGENCE_REMEDIATION_ATTEMPT01.md,22,../../../backend/nq-core/src/main/java/com/guidinglight/nexusquant/trading/application/OrderCommandWriteService.java,backend/nq-core/src/main/java/com/guidinglight/nexusquant/trading/application/OrderCommandWriteService.java,MOVED_TARGET_HAS_CANONICAL_LOCATION,backend/nq-core/src/main/java/com/guidinglight/nexusquant/trading/application/service/OrderCommandWriteService.java,,0d3ec02cd4374c7f03621777cbdd8b0c01bb4bf48938560784f8b1aaa0cd1a03,False,REPAIR_LINK_TO_CANONICAL_TARGET
docs/audit/evidence/GATEAUDIT_PHASE6_L4_B2_CANCEL_FILL_TERMINAL_CONVERGENCE_REMEDIATION_ATTEMPT01.md,40,../../../backend/nq-scheduler/src/main/java/com/guidinglight/nexusquant/scheduler/service/OkxRestReconcileService.java,backend/nq-scheduler/src/main/java/com/guidinglight/nexusquant/scheduler/service/OkxRestReconcileService.java,MOVED_TARGET_HAS_CANONICAL_LOCATION,backend/nq-scheduler/src/main/java/com/guidinglight/nexusquant/scheduler/recovery/OkxRestReconcileService.java,,0d3ec02cd4374c7f03621777cbdd8b0c01bb4bf48938560784f8b1aaa0cd1a03,False,REPAIR_LINK_TO_CANONICAL_TARGET
docs/audit/evidence/GATEAUDIT_PHASE6_L4_B2_LIVE_TRADE_ENVIRONMENT_CONSISTENCY_REMEDIATION_ATTEMPT01.md,29,../../../backend/nq-scheduler/src/main/java/com/guidinglight/nexusquant/scheduler/service/OkxRestReconcileService.java,backend/nq-scheduler/src/main/java/com/guidinglight/nexusquant/scheduler/service/OkxRestReconcileService.java,MOVED_TARGET_HAS_CANONICAL_LOCATION,backend/nq-scheduler/src/main/java/com/guidinglight/nexusquant/scheduler/recovery/OkxRestReconcileService.java,,ff35a8cb607753ca45acbbec8f64acc31ac1ba84f46a193369d65d2c147c21e9,False,REPAIR_LINK_TO_CANONICAL_TARGET
docs/audit/evidence/GATEAUDIT_PHASE6_L4_B3_KILL_IN_FLIGHT_QUALIFICATION.md,24,../../../backend/nq-core/src/main/java/com/guidinglight/nexusquant/trading/application/OrderCommandService.java,backend/nq-core/src/main/java/com/guidinglight/nexusquant/trading/application/OrderCommandService.java,MOVED_TARGET_HAS_CANONICAL_LOCATION,backend/nq-core/src/main/java/com/guidinglight/nexusquant/trading/application/service/OrderCommandService.java,,f99d89c3bfa4f7299172fc7d7b3ecd413c0b6232231237f864fa253a7a7700e6,False,REPAIR_LINK_TO_CANONICAL_TARGET
docs/audit/evidence/GATEAUDIT_PHASE6_L4_B3_KILL_IN_FLIGHT_QUALIFICATION.md,24,../../../backend/nq-core/src/main/java/com/guidinglight/nexusquant/trading/application/OrderCommandWriteService.java,backend/nq-core/src/main/java/com/guidinglight/nexusquant/trading/application/OrderCommandWriteService.java,MOVED_TARGET_HAS_CANONICAL_LOCATION,backend/nq-core/src/main/java/com/guidinglight/nexusquant/trading/application/service/OrderCommandWriteService.java,,f99d89c3bfa4f7299172fc7d7b3ecd413c0b6232231237f864fa253a7a7700e6,False,REPAIR_LINK_TO_CANONICAL_TARGET
docs/audit/evidence/GATEAUDIT_PHASE6_L4_B3_KILL_IN_FLIGHT_QUALIFICATION.md,24,../../../backend/nq-scheduler/src/main/java/com/guidinglight/nexusquant/scheduler/service/OkxRestReconcileService.java,backend/nq-scheduler/src/main/java/com/guidinglight/nexusquant/scheduler/service/OkxRestReconcileService.java,MOVED_TARGET_HAS_CANONICAL_LOCATION,backend/nq-scheduler/src/main/java/com/guidinglight/nexusquant/scheduler/recovery/OkxRestReconcileService.java,,f99d89c3bfa4f7299172fc7d7b3ecd413c0b6232231237f864fa253a7a7700e6,False,REPAIR_LINK_TO_CANONICAL_TARGET
docs/audit/evidence/GATEAUDIT_PHASE6_L4_B5_DUPLICATE_COMMAND_SCHEDULER_LOCK_MULTIPROCESS_OWNERSHIP_QUALIFICATION.md,33,../../../backend/nq-core/src/main/java/com/guidinglight/nexusquant/trading/application/OrderCommandService.java,backend/nq-core/src/main/java/com/guidinglight/nexusquant/trading/application/OrderCommandService.java,MOVED_TARGET_HAS_CANONICAL_LOCATION,backend/nq-core/src/main/java/com/guidinglight/nexusquant/trading/application/service/OrderCommandService.java,,f35525ac5df56c135bbfc259568ceba88f602f6a2664f25134baa90c52d9569f,False,REPAIR_LINK_TO_CANONICAL_TARGET
docs/audit/evidence/GATEAUDIT_PHASE6_L4_B5_DUPLICATE_COMMAND_SCHEDULER_LOCK_MULTIPROCESS_OWNERSHIP_QUALIFICATION.md,33,../../../backend/nq-core/src/main/java/com/guidinglight/nexusquant/trading/application/OrderCommandWriteService.java,backend/nq-core/src/main/java/com/guidinglight/nexusquant/trading/application/OrderCommandWriteService.java,MOVED_TARGET_HAS_CANONICAL_LOCATION,backend/nq-core/src/main/java/com/guidinglight/nexusquant/trading/application/service/OrderCommandWriteService.java,,f35525ac5df56c135bbfc259568ceba88f602f6a2664f25134baa90c52d9569f,False,REPAIR_LINK_TO_CANONICAL_TARGET
docs/audit/evidence/GATEAUDIT_PHASE6_L4_B5_DUPLICATE_COMMAND_SCHEDULER_LOCK_MULTIPROCESS_OWNERSHIP_QUALIFICATION.md,33,../../../backend/nq-scheduler/src/main/java/com/guidinglight/nexusquant/scheduler/service/AdapterBackedTradingVenueGateway.java,backend/nq-scheduler/src/main/java/com/guidinglight/nexusquant/scheduler/service/AdapterBackedTradingVenueGateway.java,MOVED_TARGET_HAS_CANONICAL_LOCATION,backend/nq-scheduler/src/main/java/com/guidinglight/nexusquant/scheduler/integration/AdapterBackedTradingVenueGateway.java,,f35525ac5df56c135bbfc259568ceba88f602f6a2664f25134baa90c52d9569f,False,REPAIR_LINK_TO_CANONICAL_TARGET
docs/audit/evidence/GATEAUDIT_PHASE6_L4_B5_DUPLICATE_COMMAND_SCHEDULER_LOCK_MULTIPROCESS_OWNERSHIP_QUALIFICATION.md,34,../../../backend/nq-scheduler/src/main/java/com/guidinglight/nexusquant/scheduler/service/OkxRecoveryService.java,backend/nq-scheduler/src/main/java/com/guidinglight/nexusquant/scheduler/service/OkxRecoveryService.java,MOVED_TARGET_HAS_CANONICAL_LOCATION,backend/nq-scheduler/src/main/java/com/guidinglight/nexusquant/scheduler/recovery/OkxRecoveryService.java,,f35525ac5df56c135bbfc259568ceba88f602f6a2664f25134baa90c52d9569f,False,REPAIR_LINK_TO_CANONICAL_TARGET
docs/audit/evidence/GATEAUDIT_PHASE6_L4_B5_DUPLICATE_COMMAND_SCHEDULER_LOCK_MULTIPROCESS_OWNERSHIP_QUALIFICATION.md,34,../../../backend/nq-scheduler/src/main/java/com/guidinglight/nexusquant/scheduler/validationevidence/ValidationEvidenceSchedulerConfiguration.java,backend/nq-scheduler/src/main/java/com/guidinglight/nexusquant/scheduler/validationevidence/ValidationEvidenceSchedulerConfiguration.java,MOVED_TARGET_HAS_CANONICAL_LOCATION,backend/nq-scheduler/src/main/java/com/guidinglight/nexusquant/scheduler/validationevidence/config/ValidationEvidenceSchedulerConfiguration.java,,f35525ac5df56c135bbfc259568ceba88f602f6a2664f25134baa90c52d9569f,False,REPAIR_LINK_TO_CANONICAL_TARGET
docs/audit/evidence/GATEAUDIT_PHASE6_L4_B5_DUPLICATE_COMMAND_SCHEDULER_LOCK_MULTIPROCESS_OWNERSHIP_QUALIFICATION.md,34,../../../backend/nq-scheduler/src/main/java/com/guidinglight/nexusquant/scheduler/validationevidence/ValidationEvidenceScheduler.java,backend/nq-scheduler/src/main/java/com/guidinglight/nexusquant/scheduler/validationevidence/ValidationEvidenceScheduler.java,MOVED_TARGET_HAS_CANONICAL_LOCATION,backend/nq-scheduler/src/main/java/com/guidinglight/nexusquant/scheduler/validationevidence/scheduling/ValidationEvidenceScheduler.java,,f35525ac5df56c135bbfc259568ceba88f602f6a2664f25134baa90c52d9569f,False,REPAIR_LINK_TO_CANONICAL_TARGET
docs/audit/evidence/GATEAUDIT_PHASE6_L4_B5_DUPLICATE_COMMAND_SCHEDULER_LOCK_MULTIPROCESS_OWNERSHIP_QUALIFICATION.md,34,../../../backend/nq-scheduler/src/main/java/com/guidinglight/nexusquant/scheduler/validationevidence/ValidationEvidenceRefreshService.java,backend/nq-scheduler/src/main/java/com/guidinglight/nexusquant/scheduler/validationevidence/ValidationEvidenceRefreshService.java,MOVED_TARGET_HAS_CANONICAL_LOCATION,backend/nq-scheduler/src/main/java/com/guidinglight/nexusquant/scheduler/validationevidence/service/ValidationEvidenceRefreshService.java,,f35525ac5df56c135bbfc259568ceba88f602f6a2664f25134baa90c52d9569f,False,REPAIR_LINK_TO_CANONICAL_TARGET
docs/audit/evidence/GATEAUDIT_PHASE6_L4_B5_DURABLE_MUTATION_AUTHORITY_AND_EXECUTION_FENCING_CONTRACT_REVIEW.md,34,../../../backend/nq-core/src/main/java/com/guidinglight/nexusquant/trading/application/OrderCommandService.java,backend/nq-core/src/main/java/com/guidinglight/nexusquant/trading/application/OrderCommandService.java,MOVED_TARGET_HAS_CANONICAL_LOCATION,backend/nq-core/src/main/java/com/guidinglight/nexusquant/trading/application/service/OrderCommandService.java,,f3f3fbb952df901e63cd1cedbd86b6f922be16939f10949c3219d15ce9315a1a,False,REPAIR_LINK_TO_CANONICAL_TARGET
docs/audit/evidence/GATEAUDIT_PHASE6_L4_B5_DURABLE_MUTATION_AUTHORITY_AND_EXECUTION_FENCING_CONTRACT_REVIEW.md,34,../../../backend/nq-core/src/main/java/com/guidinglight/nexusquant/trading/application/OrderCommandWriteService.java,backend/nq-core/src/main/java/com/guidinglight/nexusquant/trading/application/OrderCommandWriteService.java,MOVED_TARGET_HAS_CANONICAL_LOCATION,backend/nq-core/src/main/java/com/guidinglight/nexusquant/trading/application/service/OrderCommandWriteService.java,,f3f3fbb952df901e63cd1cedbd86b6f922be16939f10949c3219d15ce9315a1a,False,REPAIR_LINK_TO_CANONICAL_TARGET
docs/audit/evidence/GATEAUDIT_PHASE6_L4_B5_DURABLE_MUTATION_AUTHORITY_AND_EXECUTION_FENCING_CONTRACT_REVIEW.md,34,../../../backend/nq-scheduler/src/main/java/com/guidinglight/nexusquant/scheduler/service/AdapterBackedTradingVenueGateway.java,backend/nq-scheduler/src/main/java/com/guidinglight/nexusquant/scheduler/service/AdapterBackedTradingVenueGateway.java,MOVED_TARGET_HAS_CANONICAL_LOCATION,backend/nq-scheduler/src/main/java/com/guidinglight/nexusquant/scheduler/integration/AdapterBackedTradingVenueGateway.java,,f3f3fbb952df901e63cd1cedbd86b6f922be16939f10949c3219d15ce9315a1a,False,REPAIR_LINK_TO_CANONICAL_TARGET
docs/audit/evidence/GATEAUDIT_PHASE6_L4_B5_DURABLE_MUTATION_AUTHORITY_AND_EXECUTION_FENCING_CONTRACT_REVIEW.md,35,../../../backend/nq-adapter-okx/src/main/java/com/guidinglight/nexusquant/adapter/okx/service/OkxExchangeAdapter.java,backend/nq-adapter-okx/src/main/java/com/guidinglight/nexusquant/adapter/okx/service/OkxExchangeAdapter.java,MOVED_TARGET_HAS_CANONICAL_LOCATION,backend/nq-adapter-okx/src/main/java/com/guidinglight/nexusquant/adapter/okx/trading/OkxExchangeAdapter.java,,f3f3fbb952df901e63cd1cedbd86b6f922be16939f10949c3219d15ce9315a1a,False,REPAIR_LINK_TO_CANONICAL_TARGET
docs/audit/evidence/GATEAUDIT_PHASE6_L4_B5_DURABLE_MUTATION_AUTHORITY_AND_EXECUTION_FENCING_CONTRACT_REVIEW.md,35,../../../backend/nq-adapter-okx/src/main/java/com/guidinglight/nexusquant/adapter/okx/service/OkxHttpClient.java,backend/nq-adapter-okx/src/main/java/com/guidinglight/nexusquant/adapter/okx/service/OkxHttpClient.java,MOVED_TARGET_HAS_CANONICAL_LOCATION,backend/nq-adapter-okx/src/main/java/com/guidinglight/nexusquant/adapter/okx/http/OkxHttpClient.java,,f3f3fbb952df901e63cd1cedbd86b6f922be16939f10949c3219d15ce9315a1a,False,REPAIR_LINK_TO_CANONICAL_TARGET
docs/audit/evidence/GATEAUDIT_PHASE6_L4_B5_DURABLE_MUTATION_AUTHORITY_AND_EXECUTION_FENCING_CONTRACT_REVIEW.md,35,../../../backend/nq-adapter-okx/src/main/java/com/guidinglight/nexusquant/adapter/okx/service/OkxRuntimeConfig.java,backend/nq-adapter-okx/src/main/java/com/guidinglight/nexusquant/adapter/okx/service/OkxRuntimeConfig.java,MOVED_TARGET_HAS_CANONICAL_LOCATION,backend/nq-adapter-okx/src/main/java/com/guidinglight/nexusquant/adapter/okx/config/OkxRuntimeConfig.java,,f3f3fbb952df901e63cd1cedbd86b6f922be16939f10949c3219d15ce9315a1a,False,REPAIR_LINK_TO_CANONICAL_TARGET
docs/audit/evidence/GATEAUDIT_PHASE6_L4_B5_DURABLE_MUTATION_AUTHORITY_AND_EXECUTION_FENCING_CONTRACT_REVIEW.md,36,../../../backend/nq-scheduler/src/main/java/com/guidinglight/nexusquant/scheduler/service/OkxRecoveryService.java,backend/nq-scheduler/src/main/java/com/guidinglight/nexusquant/scheduler/service/OkxRecoveryService.java,MOVED_TARGET_HAS_CANONICAL_LOCATION,backend/nq-scheduler/src/main/java/com/guidinglight/nexusquant/scheduler/recovery/OkxRecoveryService.java,,f3f3fbb952df901e63cd1cedbd86b6f922be16939f10949c3219d15ce9315a1a,False,REPAIR_LINK_TO_CANONICAL_TARGET
docs/audit/evidence/GATEAUDIT_PHASE6_L4_B5_DURABLE_MUTATION_AUTHORITY_AND_EXECUTION_FENCING_CONTRACT_REVIEW.md,36,../../../backend/nq-scheduler/src/main/java/com/guidinglight/nexusquant/scheduler/service/OkxRestReconcileService.java,backend/nq-scheduler/src/main/java/com/guidinglight/nexusquant/scheduler/service/OkxRestReconcileService.java,MOVED_TARGET_HAS_CANONICAL_LOCATION,backend/nq-scheduler/src/main/java/com/guidinglight/nexusquant/scheduler/recovery/OkxRestReconcileService.java,,f3f3fbb952df901e63cd1cedbd86b6f922be16939f10949c3219d15ce9315a1a,False,REPAIR_LINK_TO_CANONICAL_TARGET
docs/audit/evidence/GATEAUDIT_PHASE6_L4_B5_ORDINARY_SENDER_RECOVERY_FINALITY_REMEDIATION_ATTEMPT01.md,45,../../../backend/nq-core/src/main/java/com/guidinglight/nexusquant/trading/application/OrderCommandService.java,backend/nq-core/src/main/java/com/guidinglight/nexusquant/trading/application/OrderCommandService.java,MOVED_TARGET_HAS_CANONICAL_LOCATION,backend/nq-core/src/main/java/com/guidinglight/nexusquant/trading/application/service/OrderCommandService.java,,67796e395a3b79c29b6d667ce8be5add411bbccf3c861860f47fcc389d743880,False,REPAIR_LINK_TO_CANONICAL_TARGET
docs/audit/evidence/GATEAUDIT_PHASE6_L4_B5_ORDINARY_SENDER_RECOVERY_FINALITY_REMEDIATION_ATTEMPT01.md,46,../../../backend/nq-core/src/main/java/com/guidinglight/nexusquant/trading/application/OrderCommandWriteService.java,backend/nq-core/src/main/java/com/guidinglight/nexusquant/trading/application/OrderCommandWriteService.java,MOVED_TARGET_HAS_CANONICAL_LOCATION,backend/nq-core/src/main/java/com/guidinglight/nexusquant/trading/application/service/OrderCommandWriteService.java,,67796e395a3b79c29b6d667ce8be5add411bbccf3c861860f47fcc389d743880,False,REPAIR_LINK_TO_CANONICAL_TARGET
docs/audit/evidence/GATEAUDIT_PHASE6_L4_B5_ORDINARY_SENDER_RECOVERY_FINALITY_REMEDIATION_ATTEMPT01.md,47,../../../backend/nq-scheduler/src/main/java/com/guidinglight/nexusquant/scheduler/service/OkxRecoveryService.java,backend/nq-scheduler/src/main/java/com/guidinglight/nexusquant/scheduler/service/OkxRecoveryService.java,MOVED_TARGET_HAS_CANONICAL_LOCATION,backend/nq-scheduler/src/main/java/com/guidinglight/nexusquant/scheduler/recovery/OkxRecoveryService.java,,67796e395a3b79c29b6d667ce8be5add411bbccf3c861860f47fcc389d743880,False,REPAIR_LINK_TO_CANONICAL_TARGET
docs/audit/evidence/GATEAUDIT_PHASE6_L4_B5_ORDINARY_SENDER_RECOVERY_FINALITY_REMEDIATION_ATTEMPT01.md,48,../../../backend/nq-adapter-okx/src/main/java/com/guidinglight/nexusquant/adapter/okx/service/OkxHttpClient.java,backend/nq-adapter-okx/src/main/java/com/guidinglight/nexusquant/adapter/okx/service/OkxHttpClient.java,MOVED_TARGET_HAS_CANONICAL_LOCATION,backend/nq-adapter-okx/src/main/java/com/guidinglight/nexusquant/adapter/okx/http/OkxHttpClient.java,,67796e395a3b79c29b6d667ce8be5add411bbccf3c861860f47fcc389d743880,False,REPAIR_LINK_TO_CANONICAL_TARGET
docs/audit/evidence/GATEAUDIT_PHASE6_L4_B5_STRATEGY_RUN_DURABLE_EXECUTION_CONTRACT_REVIEW.md,59,../../../backend/nq-core/src/main/java/com/guidinglight/nexusquant/trading/application/OrderCommandService.java,backend/nq-core/src/main/java/com/guidinglight/nexusquant/trading/application/OrderCommandService.java,MOVED_TARGET_HAS_CANONICAL_LOCATION,backend/nq-core/src/main/java/com/guidinglight/nexusquant/trading/application/service/OrderCommandService.java,,2d513733ff8a16489f14bbf6119cd277efe5254b4318fe78823338ccc1ad0a3d,False,REPAIR_LINK_TO_CANONICAL_TARGET
docs/audit/evidence/GATEAUDIT_PHASE6_L4_B5_STRATEGY_RUN_DURABLE_EXECUTION_CONTRACT_REVIEW.md,59,../../../backend/nq-core/src/main/java/com/guidinglight/nexusquant/trading/application/OrderCommandWriteService.java,backend/nq-core/src/main/java/com/guidinglight/nexusquant/trading/application/OrderCommandWriteService.java,MOVED_TARGET_HAS_CANONICAL_LOCATION,backend/nq-core/src/main/java/com/guidinglight/nexusquant/trading/application/service/OrderCommandWriteService.java,,2d513733ff8a16489f14bbf6119cd277efe5254b4318fe78823338ccc1ad0a3d,False,REPAIR_LINK_TO_CANONICAL_TARGET
docs/audit/evidence/GATEAUDIT_PHASE6_L4_B5_STRATEGY_RUN_DURABLE_EXECUTION_CONTRACT_REVIEW.md,181,../../../backend/nq-scheduler/src/main/java/com/guidinglight/nexusquant/scheduler/service/OkxRestReconcileService.java,backend/nq-scheduler/src/main/java/com/guidinglight/nexusquant/scheduler/service/OkxRestReconcileService.java,MOVED_TARGET_HAS_CANONICAL_LOCATION,backend/nq-scheduler/src/main/java/com/guidinglight/nexusquant/scheduler/recovery/OkxRestReconcileService.java,,2d513733ff8a16489f14bbf6119cd277efe5254b4318fe78823338ccc1ad0a3d,False,REPAIR_LINK_TO_CANONICAL_TARGET
docs/audit/evidence/GATEAUDIT_PHASE6_L4_FAILURE_MATRIX_PLAN.md,463,../../../backend/nq-core/src/main/java/com/guidinglight/nexusquant/trading/application/OrderCommandService.java,backend/nq-core/src/main/java/com/guidinglight/nexusquant/trading/application/OrderCommandService.java,MOVED_TARGET_HAS_CANONICAL_LOCATION,backend/nq-core/src/main/java/com/guidinglight/nexusquant/trading/application/service/OrderCommandService.java,,cc81142ab4765afac6cb1b26b2b385da613162756cf9cc0b8e874cf789ad8c5d,False,REPAIR_LINK_TO_CANONICAL_TARGET
docs/audit/evidence/GATEAUDIT_PHASE6_L4_FAILURE_MATRIX_PLAN.md,464,../../../backend/nq-core/src/main/java/com/guidinglight/nexusquant/trading/application/OrderCommandWriteService.java,backend/nq-core/src/main/java/com/guidinglight/nexusquant/trading/application/OrderCommandWriteService.java,MOVED_TARGET_HAS_CANONICAL_LOCATION,backend/nq-core/src/main/java/com/guidinglight/nexusquant/trading/application/service/OrderCommandWriteService.java,,cc81142ab4765afac6cb1b26b2b385da613162756cf9cc0b8e874cf789ad8c5d,False,REPAIR_LINK_TO_CANONICAL_TARGET
docs/audit/evidence/GATEAUDIT_PHASE6_L4_FAILURE_MATRIX_PLAN.md,465,../../../backend/nq-core/src/main/java/com/guidinglight/nexusquant/trading/application/OrderCommandWriteService.java,backend/nq-core/src/main/java/com/guidinglight/nexusquant/trading/application/OrderCommandWriteService.java,MOVED_TARGET_HAS_CANONICAL_LOCATION,backend/nq-core/src/main/java/com/guidinglight/nexusquant/trading/application/service/OrderCommandWriteService.java,,cc81142ab4765afac6cb1b26b2b385da613162756cf9cc0b8e874cf789ad8c5d,False,REPAIR_LINK_TO_CANONICAL_TARGET
docs/audit/evidence/GATEAUDIT_PHASE6_L4_FAILURE_MATRIX_PLAN.md,466,../../../backend/nq-core/src/main/java/com/guidinglight/nexusquant/trading/application/OrderCommandWriteService.java,backend/nq-core/src/main/java/com/guidinglight/nexusquant/trading/application/OrderCommandWriteService.java,MOVED_TARGET_HAS_CANONICAL_LOCATION,backend/nq-core/src/main/java/com/guidinglight/nexusquant/trading/application/service/OrderCommandWriteService.java,,cc81142ab4765afac6cb1b26b2b385da613162756cf9cc0b8e874cf789ad8c5d,False,REPAIR_LINK_TO_CANONICAL_TARGET
docs/audit/evidence/GATEAUDIT_PHASE6_L4_FAILURE_MATRIX_PLAN.md,474,../../../backend/nq-scheduler/src/main/java/com/guidinglight/nexusquant/scheduler/service/AdapterBackedTradingVenueGateway.java,backend/nq-scheduler/src/main/java/com/guidinglight/nexusquant/scheduler/service/AdapterBackedTradingVenueGateway.java,MOVED_TARGET_HAS_CANONICAL_LOCATION,backend/nq-scheduler/src/main/java/com/guidinglight/nexusquant/scheduler/integration/AdapterBackedTradingVenueGateway.java,,cc81142ab4765afac6cb1b26b2b385da613162756cf9cc0b8e874cf789ad8c5d,False,REPAIR_LINK_TO_CANONICAL_TARGET
docs/audit/evidence/GATEAUDIT_PHASE6_L4_FAILURE_MATRIX_PLAN.md,475,../../../backend/nq-adapter-okx/src/main/java/com/guidinglight/nexusquant/adapter/okx/service/OkxExchangeAdapter.java,backend/nq-adapter-okx/src/main/java/com/guidinglight/nexusquant/adapter/okx/service/OkxExchangeAdapter.java,MOVED_TARGET_HAS_CANONICAL_LOCATION,backend/nq-adapter-okx/src/main/java/com/guidinglight/nexusquant/adapter/okx/trading/OkxExchangeAdapter.java,,cc81142ab4765afac6cb1b26b2b385da613162756cf9cc0b8e874cf789ad8c5d,False,REPAIR_LINK_TO_CANONICAL_TARGET
docs/audit/evidence/GATEAUDIT_PHASE6_L4_FAILURE_MATRIX_PLAN.md,476,../../../backend/nq-adapter-okx/src/main/java/com/guidinglight/nexusquant/adapter/okx/service/OkxSpotProviderAdapter.java,backend/nq-adapter-okx/src/main/java/com/guidinglight/nexusquant/adapter/okx/service/OkxSpotProviderAdapter.java,MOVED_TARGET_HAS_CANONICAL_LOCATION,backend/nq-adapter-okx/src/main/java/com/guidinglight/nexusquant/adapter/okx/provider/OkxSpotProviderAdapter.java,,cc81142ab4765afac6cb1b26b2b385da613162756cf9cc0b8e874cf789ad8c5d,False,REPAIR_LINK_TO_CANONICAL_TARGET
docs/audit/evidence/GATEAUDIT_PHASE6_L4_FAILURE_MATRIX_PLAN.md,477,../../../backend/nq-adapter-okx/src/main/java/com/guidinglight/nexusquant/adapter/okx/service/OkxHttpClient.java,backend/nq-adapter-okx/src/main/java/com/guidinglight/nexusquant/adapter/okx/service/OkxHttpClient.java,MOVED_TARGET_HAS_CANONICAL_LOCATION,backend/nq-adapter-okx/src/main/java/com/guidinglight/nexusquant/adapter/okx/http/OkxHttpClient.java,,cc81142ab4765afac6cb1b26b2b385da613162756cf9cc0b8e874cf789ad8c5d,False,REPAIR_LINK_TO_CANONICAL_TARGET
docs/audit/evidence/GATEAUDIT_PHASE6_L4_FAILURE_MATRIX_PLAN.md,478,../../../backend/nq-scheduler/src/main/java/com/guidinglight/nexusquant/scheduler/service/OkxRestReconcileService.java,backend/nq-scheduler/src/main/java/com/guidinglight/nexusquant/scheduler/service/OkxRestReconcileService.java,MOVED_TARGET_HAS_CANONICAL_LOCATION,backend/nq-scheduler/src/main/java/com/guidinglight/nexusquant/scheduler/recovery/OkxRestReconcileService.java,,cc81142ab4765afac6cb1b26b2b385da613162756cf9cc0b8e874cf789ad8c5d,False,REPAIR_LINK_TO_CANONICAL_TARGET
docs/audit/evidence/GATEAUDIT_PHASE6_L4_FAILURE_MATRIX_PLAN.md,479,../../../backend/nq-scheduler/src/main/java/com/guidinglight/nexusquant/scheduler/service/OkxRestReconcileService.java,backend/nq-scheduler/src/main/java/com/guidinglight/nexusquant/scheduler/service/OkxRestReconcileService.java,MOVED_TARGET_HAS_CANONICAL_LOCATION,backend/nq-scheduler/src/main/java/com/guidinglight/nexusquant/scheduler/recovery/OkxRestReconcileService.java,,cc81142ab4765afac6cb1b26b2b385da613162756cf9cc0b8e874cf789ad8c5d,False,REPAIR_LINK_TO_CANONICAL_TARGET
docs/audit/evidence/GATEAUDIT_PHASE6_L4_FAILURE_MATRIX_PLAN.md,480,../../../backend/nq-ledger/src/main/java/com/guidinglight/nexusquant/ledger/service/TradeLedgerPostingService.java,backend/nq-ledger/src/main/java/com/guidinglight/nexusquant/ledger/service/TradeLedgerPostingService.java,MOVED_TARGET_HAS_CANONICAL_LOCATION,backend/nq-ledger/src/main/java/com/guidinglight/nexusquant/ledger/application/service/TradeLedgerPostingService.java,,cc81142ab4765afac6cb1b26b2b385da613162756cf9cc0b8e874cf789ad8c5d,False,REPAIR_LINK_TO_CANONICAL_TARGET
docs/audit/evidence/GATEAUDIT_PHASE6_L4_FAILURE_MATRIX_PLAN.md,481,../../../backend/nq-ledger/src/main/java/com/guidinglight/nexusquant/ledger/service/TradeLedgerPostingService.java,backend/nq-ledger/src/main/java/com/guidinglight/nexusquant/ledger/service/TradeLedgerPostingService.java,MOVED_TARGET_HAS_CANONICAL_LOCATION,backend/nq-ledger/src/main/java/com/guidinglight/nexusquant/ledger/application/service/TradeLedgerPostingService.java,,cc81142ab4765afac6cb1b26b2b385da613162756cf9cc0b8e874cf789ad8c5d,False,REPAIR_LINK_TO_CANONICAL_TARGET
docs/audit/evidence/GATEAUDIT_PHASE6_L4_FAILURE_MATRIX_PLAN.md,485,../../../backend/nq-risk/src/main/java/com/guidinglight/nexusquant/risk/service/KillSwitchRiskRule.java,backend/nq-risk/src/main/java/com/guidinglight/nexusquant/risk/service/KillSwitchRiskRule.java,MOVED_TARGET_HAS_CANONICAL_LOCATION,backend/nq-risk/src/main/java/com/guidinglight/nexusquant/risk/application/rule/KillSwitchRiskRule.java,,cc81142ab4765afac6cb1b26b2b385da613162756cf9cc0b8e874cf789ad8c5d,False,REPAIR_LINK_TO_CANONICAL_TARGET
docs/audit/evidence/GATEAUDIT_PHASE6_L4_FAILURE_MATRIX_PLAN.md,486,../../../backend/nq-core/src/main/java/com/guidinglight/nexusquant/livecontrol/deployment/WorkerOperationSafetyGate.java,backend/nq-core/src/main/java/com/guidinglight/nexusquant/livecontrol/deployment/WorkerOperationSafetyGate.java,MOVED_TARGET_HAS_CANONICAL_LOCATION,backend/nq-core/src/main/java/com/guidinglight/nexusquant/livecontrol/deployment/policy/WorkerOperationSafetyGate.java,,cc81142ab4765afac6cb1b26b2b385da613162756cf9cc0b8e874cf789ad8c5d,False,REPAIR_LINK_TO_CANONICAL_TARGET
docs/audit/evidence/GATEAUDIT_PHASE6_L4_FAILURE_MATRIX_PLAN.md,503,../../../backend/nq-core/src/test/java/com/guidinglight/nexusquant/trading/application/OrderCommandServiceTest.java,backend/nq-core/src/test/java/com/guidinglight/nexusquant/trading/application/OrderCommandServiceTest.java,MOVED_TARGET_HAS_CANONICAL_LOCATION,backend/nq-core/src/test/java/com/guidinglight/nexusquant/trading/application/service/OrderCommandServiceTest.java,,cc81142ab4765afac6cb1b26b2b385da613162756cf9cc0b8e874cf789ad8c5d,False,REPAIR_LINK_TO_CANONICAL_TARGET
docs/audit/evidence/GATEAUDIT_PHASE6_L4_FAILURE_MATRIX_PLAN.md,510,../../../backend/nq-scheduler/src/main/java/com/guidinglight/nexusquant/scheduler/service/OkxRecoveryService.java,backend/nq-scheduler/src/main/java/com/guidinglight/nexusquant/scheduler/service/OkxRecoveryService.java,MOVED_TARGET_HAS_CANONICAL_LOCATION,backend/nq-scheduler/src/main/java/com/guidinglight/nexusquant/scheduler/recovery/OkxRecoveryService.java,,cc81142ab4765afac6cb1b26b2b385da613162756cf9cc0b8e874cf789ad8c5d,False,REPAIR_LINK_TO_CANONICAL_TARGET
docs/audit/evidence/GATEAUDIT_PHASE6_L4_FAILURE_MATRIX_PLAN.md,511,../../../backend/nq-scheduler/src/main/java/com/guidinglight/nexusquant/scheduler/service/PaperTradingAdapter.java,backend/nq-scheduler/src/main/java/com/guidinglight/nexusquant/scheduler/service/PaperTradingAdapter.java,MOVED_TARGET_HAS_CANONICAL_LOCATION,backend/nq-scheduler/src/main/java/com/guidinglight/nexusquant/scheduler/integration/PaperTradingAdapter.java,,cc81142ab4765afac6cb1b26b2b385da613162756cf9cc0b8e874cf789ad8c5d,False,REPAIR_LINK_TO_CANONICAL_TARGET
docs/audit/evidence/GATEAUDIT_PHASE6_L4_FAILURE_MATRIX_PLAN.md,619,../../../backend/nq-core/src/main/java/com/guidinglight/nexusquant/livecontrol/application/PilotExecutionLeaseControlPlane.java,backend/nq-core/src/main/java/com/guidinglight/nexusquant/livecontrol/application/PilotExecutionLeaseControlPlane.java,MOVED_TARGET_HAS_CANONICAL_LOCATION,backend/nq-core/src/main/java/com/guidinglight/nexusquant/livecontrol/application/port/PilotExecutionLeaseControlPlane.java,,cc81142ab4765afac6cb1b26b2b385da613162756cf9cc0b8e874cf789ad8c5d,False,REPAIR_LINK_TO_CANONICAL_TARGET
docs/audit/evidence/GATEAUDIT_PHASE6_L4_FAILURE_MATRIX_PLAN.md,621,../../../backend/nq-scheduler/src/main/java/com/guidinglight/nexusquant/scheduler/service/AdapterBackedTradingVenueGateway.java,backend/nq-scheduler/src/main/java/com/guidinglight/nexusquant/scheduler/service/AdapterBackedTradingVenueGateway.java,MOVED_TARGET_HAS_CANONICAL_LOCATION,backend/nq-scheduler/src/main/java/com/guidinglight/nexusquant/scheduler/integration/AdapterBackedTradingVenueGateway.java,,cc81142ab4765afac6cb1b26b2b385da613162756cf9cc0b8e874cf789ad8c5d,False,REPAIR_LINK_TO_CANONICAL_TARGET
docs/audit/evidence/GATEAUDIT_PHASE6_L4_FAILURE_MATRIX_PLAN.md,621,../../../backend/nq-scheduler/src/main/java/com/guidinglight/nexusquant/scheduler/service/OkxRestReconcileService.java,backend/nq-scheduler/src/main/java/com/guidinglight/nexusquant/scheduler/service/OkxRestReconcileService.java,MOVED_TARGET_HAS_CANONICAL_LOCATION,backend/nq-scheduler/src/main/java/com/guidinglight/nexusquant/scheduler/recovery/OkxRestReconcileService.java,,cc81142ab4765afac6cb1b26b2b385da613162756cf9cc0b8e874cf789ad8c5d,False,REPAIR_LINK_TO_CANONICAL_TARGET
docs/audit/evidence/GATEAUDIT_PHASE6_L4_RUNTIME_CORRECTNESS_C1_IMPLEMENTATION.md,24,../../../backend/nq-core/src/main/java/com/guidinglight/nexusquant/trading/application/OrderCommandWriteService.java,backend/nq-core/src/main/java/com/guidinglight/nexusquant/trading/application/OrderCommandWriteService.java,MOVED_TARGET_HAS_CANONICAL_LOCATION,backend/nq-core/src/main/java/com/guidinglight/nexusquant/trading/application/service/OrderCommandWriteService.java,,8a29b7a67ad54e9f0fe3e92125050ae1b0749fb5cae221d3272ce811027566ce,False,REPAIR_LINK_TO_CANONICAL_TARGET
docs/audit/evidence/GATEAUDIT_PHASE6_L4_RUNTIME_CORRECTNESS_C1_IMPLEMENTATION.md,62,../../../backend/nq-core/src/main/java/com/guidinglight/nexusquant/trading/application/OrderCommandService.java,backend/nq-core/src/main/java/com/guidinglight/nexusquant/trading/application/OrderCommandService.java,MOVED_TARGET_HAS_CANONICAL_LOCATION,backend/nq-core/src/main/java/com/guidinglight/nexusquant/trading/application/service/OrderCommandService.java,,8a29b7a67ad54e9f0fe3e92125050ae1b0749fb5cae221d3272ce811027566ce,False,REPAIR_LINK_TO_CANONICAL_TARGET
docs/audit/evidence/GATEAUDIT_PHASE6_L4_RUNTIME_CORRECTNESS_C1_IMPLEMENTATION.md,63,../../../backend/nq-core/src/main/java/com/guidinglight/nexusquant/trading/application/OrderCommandWriteService.java,backend/nq-core/src/main/java/com/guidinglight/nexusquant/trading/application/OrderCommandWriteService.java,MOVED_TARGET_HAS_CANONICAL_LOCATION,backend/nq-core/src/main/java/com/guidinglight/nexusquant/trading/application/service/OrderCommandWriteService.java,,8a29b7a67ad54e9f0fe3e92125050ae1b0749fb5cae221d3272ce811027566ce,False,REPAIR_LINK_TO_CANONICAL_TARGET
docs/audit/evidence/GATEAUDIT_PHASE6_L4_RUNTIME_CORRECTNESS_C1_IMPLEMENTATION.md,64,../../../backend/nq-scheduler/src/main/java/com/guidinglight/nexusquant/scheduler/service/OkxRestReconcileService.java,backend/nq-scheduler/src/main/java/com/guidinglight/nexusquant/scheduler/service/OkxRestReconcileService.java,MOVED_TARGET_HAS_CANONICAL_LOCATION,backend/nq-scheduler/src/main/java/com/guidinglight/nexusquant/scheduler/recovery/OkxRestReconcileService.java,,8a29b7a67ad54e9f0fe3e92125050ae1b0749fb5cae221d3272ce811027566ce,False,REPAIR_LINK_TO_CANONICAL_TARGET
docs/audit/evidence/GATEAUDIT_PHASE6_L4_RUNTIME_CORRECTNESS_C1_IMPLEMENTATION.md,65,../../../backend/nq-core/src/main/java/com/guidinglight/nexusquant/trading/application/OrderLifecycleService.java,backend/nq-core/src/main/java/com/guidinglight/nexusquant/trading/application/OrderLifecycleService.java,MOVED_TARGET_HAS_CANONICAL_LOCATION,backend/nq-core/src/main/java/com/guidinglight/nexusquant/trading/application/service/OrderLifecycleService.java,,8a29b7a67ad54e9f0fe3e92125050ae1b0749fb5cae221d3272ce811027566ce,False,REPAIR_LINK_TO_CANONICAL_TARGET
docs/audit/evidence/GATEAUDIT_PHASE6_L4_RUNTIME_CORRECTNESS_C1_IMPLEMENTATION.md,267,../../../backend/nq-core/src/main/java/com/guidinglight/nexusquant/trading/application/OrderCommandWriteService.java,backend/nq-core/src/main/java/com/guidinglight/nexusquant/trading/application/OrderCommandWriteService.java,MOVED_TARGET_HAS_CANONICAL_LOCATION,backend/nq-core/src/main/java/com/guidinglight/nexusquant/trading/application/service/OrderCommandWriteService.java,,8a29b7a67ad54e9f0fe3e92125050ae1b0749fb5cae221d3272ce811027566ce,False,REPAIR_LINK_TO_CANONICAL_TARGET
docs/audit/evidence/GATEAUDIT_PHASE6_L4_RUNTIME_CORRECTNESS_C2_IMPLEMENTATION_ATTEMPT02.md,21,../../../backend/nq-scheduler/src/main/java/com/guidinglight/nexusquant/scheduler/service/OkxRestReconcileService.java,backend/nq-scheduler/src/main/java/com/guidinglight/nexusquant/scheduler/service/OkxRestReconcileService.java,MOVED_TARGET_HAS_CANONICAL_LOCATION,backend/nq-scheduler/src/main/java/com/guidinglight/nexusquant/scheduler/recovery/OkxRestReconcileService.java,,777e399a67d27fc18be78dd50de134dbd4ccc81c077f48996098a2db7e08806f,False,REPAIR_LINK_TO_CANONICAL_TARGET
docs/audit/evidence/GATEAUDIT_PHASE6_L4_RUNTIME_CORRECTNESS_C2_IMPLEMENTATION_ATTEMPT02.md,33,../../../backend/nq-api/src/main/java/com/guidinglight/nexusquant/trading/api/web/ReconcileRunOnceRequest.java,backend/nq-api/src/main/java/com/guidinglight/nexusquant/trading/api/web/ReconcileRunOnceRequest.java,MOVED_TARGET_HAS_CANONICAL_LOCATION,backend/nq-api/src/main/java/com/guidinglight/nexusquant/trading/api/dto/ReconcileRunOnceRequest.java,,777e399a67d27fc18be78dd50de134dbd4ccc81c077f48996098a2db7e08806f,False,REPAIR_LINK_TO_CANONICAL_TARGET
docs/audit/evidence/GATEAUDIT_PHASE6_L4_RUNTIME_CORRECTNESS_C2_IMPLEMENTATION_ATTEMPT02.md,34,../../../backend/nq-scheduler/src/main/java/com/guidinglight/nexusquant/scheduler/service/SchedulerTradingMaintenanceService.java,backend/nq-scheduler/src/main/java/com/guidinglight/nexusquant/scheduler/service/SchedulerTradingMaintenanceService.java,MOVED_TARGET_HAS_CANONICAL_LOCATION,backend/nq-scheduler/src/main/java/com/guidinglight/nexusquant/scheduler/scheduling/SchedulerTradingMaintenanceService.java,,777e399a67d27fc18be78dd50de134dbd4ccc81c077f48996098a2db7e08806f,False,REPAIR_LINK_TO_CANONICAL_TARGET
docs/audit/evidence/GATEAUDIT_PHASE6_L4_RUNTIME_CORRECTNESS_C2_IMPLEMENTATION.md,17,../../../backend/nq-scheduler/src/main/java/com/guidinglight/nexusquant/scheduler/service/OkxRestReconcileService.java,backend/nq-scheduler/src/main/java/com/guidinglight/nexusquant/scheduler/service/OkxRestReconcileService.java,MOVED_TARGET_HAS_CANONICAL_LOCATION,backend/nq-scheduler/src/main/java/com/guidinglight/nexusquant/scheduler/recovery/OkxRestReconcileService.java,,f40fc2743aa6a808dcbaf8443b42442f8ab1dd4b2ac264e2d0b4273d4160cec6,False,REPAIR_LINK_TO_CANONICAL_TARGET
docs/audit/evidence/GATEAUDIT_PHASE6_L4_RUNTIME_CORRECTNESS_C2_STARVATION_REMEDIATION_ATTEMPT01.md,126,../../../backend/nq-core/src/main/java/com/guidinglight/nexusquant/trading/application/OrderCommandService.java,backend/nq-core/src/main/java/com/guidinglight/nexusquant/trading/application/OrderCommandService.java,MOVED_TARGET_HAS_CANONICAL_LOCATION,backend/nq-core/src/main/java/com/guidinglight/nexusquant/trading/application/service/OrderCommandService.java,,1926b97e891aba265d3a9bfe8d38857623809a2256449bd473f5389f82ba1724,False,REPAIR_LINK_TO_CANONICAL_TARGET
docs/audit/evidence/GATEAUDIT_PHASE6_L4_RUNTIME_CORRECTNESS_C2_STARVATION_REMEDIATION_ATTEMPT01.md,128,../../../backend/nq-scheduler/src/main/java/com/guidinglight/nexusquant/scheduler/service/OkxRestReconcileService.java,backend/nq-scheduler/src/main/java/com/guidinglight/nexusquant/scheduler/service/OkxRestReconcileService.java,MOVED_TARGET_HAS_CANONICAL_LOCATION,backend/nq-scheduler/src/main/java/com/guidinglight/nexusquant/scheduler/recovery/OkxRestReconcileService.java,,1926b97e891aba265d3a9bfe8d38857623809a2256449bd473f5389f82ba1724,False,REPAIR_LINK_TO_CANONICAL_TARGET
docs/audit/evidence/phase6-l5/CONCURRENT_POSITION_AND_ACCOUNT_PROJECTION_REMEDIATION.md,42,../../../../backend/nq-ledger/src/main/java/com/guidinglight/nexusquant/ledger/service/TradeLedgerPostingService.java,backend/nq-ledger/src/main/java/com/guidinglight/nexusquant/ledger/service/TradeLedgerPostingService.java,MOVED_TARGET_HAS_CANONICAL_LOCATION,backend/nq-ledger/src/main/java/com/guidinglight/nexusquant/ledger/application/service/TradeLedgerPostingService.java,671cf72acc24f9be4a928f6ab664966b385a6a3f6e18d348be02d50552e740f4,671cf72acc24f9be4a928f6ab664966b385a6a3f6e18d348be02d50552e740f4,True,REPAIR_LINK_TO_CANONICAL_TARGET
docs/audit/evidence/phase6-l5/CONCURRENT_WORKLOAD_AND_BACKLOG.md,41,../../../../backend/nq-ledger/src/main/java/com/guidinglight/nexusquant/ledger/service/TradeLedgerPostingService.java,backend/nq-ledger/src/main/java/com/guidinglight/nexusquant/ledger/service/TradeLedgerPostingService.java,MOVED_TARGET_HAS_CANONICAL_LOCATION,backend/nq-ledger/src/main/java/com/guidinglight/nexusquant/ledger/application/service/TradeLedgerPostingService.java,55dfcc1e7ae19485a523487b2b4fe42318dcec0e7b75e7803fbc8b9e0afc78bf,8f48b71846f0bdb8944045b37cabf959835b2f9ba92114490349cfc300744ebc,False,REPAIR_LINK_TO_CANONICAL_TARGET
docs/audit/evidence/phase6-l5/CONCURRENT_WORKLOAD_AND_BACKLOG.md,147,../../../../backend/nq-scheduler/src/main/java/com/guidinglight/nexusquant/scheduler/service/OkxRestReconcileService.java,backend/nq-scheduler/src/main/java/com/guidinglight/nexusquant/scheduler/service/OkxRestReconcileService.java,MOVED_TARGET_HAS_CANONICAL_LOCATION,backend/nq-scheduler/src/main/java/com/guidinglight/nexusquant/scheduler/recovery/OkxRestReconcileService.java,55dfcc1e7ae19485a523487b2b4fe42318dcec0e7b75e7803fbc8b9e0afc78bf,8f48b71846f0bdb8944045b37cabf959835b2f9ba92114490349cfc300744ebc,False,REPAIR_LINK_TO_CANONICAL_TARGET
docs/audit/evidence/phase6-l5/L5_AGGREGATE_QUALIFICATION_ACCEPTANCE.md,117,../../../../backend/nq-core/src/main/java/com/guidinglight/nexusquant/trading/application/OrderCommandWriteService.java,backend/nq-core/src/main/java/com/guidinglight/nexusquant/trading/application/OrderCommandWriteService.java,MOVED_TARGET_HAS_CANONICAL_LOCATION,backend/nq-core/src/main/java/com/guidinglight/nexusquant/trading/application/service/OrderCommandWriteService.java,611f3aa2e5e32d1fc0ce9eed467dc791fa2d44460fb7f08fb0897b9f40f367e7,611f3aa2e5e32d1fc0ce9eed467dc791fa2d44460fb7f08fb0897b9f40f367e7,True,REPAIR_LINK_TO_CANONICAL_TARGET
docs/audit/evidence/phase6-l5/L5_AGGREGATE_QUALIFICATION_ACCEPTANCE.md,117,../../../../backend/nq-risk/src/main/java/com/guidinglight/nexusquant/risk/service/KillSwitchRiskRule.java,backend/nq-risk/src/main/java/com/guidinglight/nexusquant/risk/service/KillSwitchRiskRule.java,MOVED_TARGET_HAS_CANONICAL_LOCATION,backend/nq-risk/src/main/java/com/guidinglight/nexusquant/risk/application/rule/KillSwitchRiskRule.java,611f3aa2e5e32d1fc0ce9eed467dc791fa2d44460fb7f08fb0897b9f40f367e7,611f3aa2e5e32d1fc0ce9eed467dc791fa2d44460fb7f08fb0897b9f40f367e7,True,REPAIR_LINK_TO_CANONICAL_TARGET
docs/audit/evidence/phase6-l6/ACTIVE_STABILITY.md,23,../../../../backend/nq-scheduler/src/main/java/com/guidinglight/nexusquant/scheduler/service/OkxRestReconcileService.java,backend/nq-scheduler/src/main/java/com/guidinglight/nexusquant/scheduler/service/OkxRestReconcileService.java,MOVED_TARGET_HAS_CANONICAL_LOCATION,backend/nq-scheduler/src/main/java/com/guidinglight/nexusquant/scheduler/recovery/OkxRestReconcileService.java,7d685c9dcf9fb7d472c9460401f13c077c42b72a8d2c46a89e4185e97f67c333,55f559ef5c580ecce0fff984be5a6d7e8637956fd515c19a2c0b7b11a08b1251,False,REPAIR_LINK_TO_CANONICAL_TARGET
docs/audit/evidence/phase6-l6/ACTIVE_STABILITY.md,23,../../../../backend/nq-core/src/main/java/com/guidinglight/nexusquant/trading/application/OrderCommandWriteService.java,backend/nq-core/src/main/java/com/guidinglight/nexusquant/trading/application/OrderCommandWriteService.java,MOVED_TARGET_HAS_CANONICAL_LOCATION,backend/nq-core/src/main/java/com/guidinglight/nexusquant/trading/application/service/OrderCommandWriteService.java,7d685c9dcf9fb7d472c9460401f13c077c42b72a8d2c46a89e4185e97f67c333,55f559ef5c580ecce0fff984be5a6d7e8637956fd515c19a2c0b7b11a08b1251,False,REPAIR_LINK_TO_CANONICAL_TARGET
docs/audit/evidence/phase6-l6/L6_MANDATORY_MEASUREMENT_AND_TIMER_CLOSURE.md,14,../../../../backend/nq-core/src/main/java/com/guidinglight/nexusquant/strategy/application/pyartifactpreview/PythonEvaluationArtifactPreviewOverviewQueryService.java,backend/nq-core/src/main/java/com/guidinglight/nexusquant/strategy/application/pyartifactpreview/PythonEvaluationArtifactPreviewOverviewQueryService.java,MOVED_TARGET_HAS_CANONICAL_LOCATION,backend/nq-core/src/main/java/com/guidinglight/nexusquant/strategy/application/pyartifactpreview/service/PythonEvaluationArtifactPreviewOverviewQueryService.java,ef30ffc433804bf42bbaea0ffdd80e4abdac0f3aa9dfba181ca9a75710ef1cd8,7edd66afb9cd5d84244b5d21d09cb9465cf7c685d9cd8e524c862d83209fe0fa,False,REPAIR_LINK_TO_CANONICAL_TARGET
docs/audit/evidence/phase6-l6/L6_MANDATORY_MEASUREMENT_AND_TIMER_CLOSURE.md,16,../../../../backend/nq-scheduler/src/main/java/com/guidinglight/nexusquant/scheduler/validationevidence/ValidationEvidenceRefreshService.java,backend/nq-scheduler/src/main/java/com/guidinglight/nexusquant/scheduler/validationevidence/ValidationEvidenceRefreshService.java,MOVED_TARGET_HAS_CANONICAL_LOCATION,backend/nq-scheduler/src/main/java/com/guidinglight/nexusquant/scheduler/validationevidence/service/ValidationEvidenceRefreshService.java,ef30ffc433804bf42bbaea0ffdd80e4abdac0f3aa9dfba181ca9a75710ef1cd8,7edd66afb9cd5d84244b5d21d09cb9465cf7c685d9cd8e524c862d83209fe0fa,False,REPAIR_LINK_TO_CANONICAL_TARGET
docs/audit/evidence/phase6-l6/L6_VALIDATION_CONTRACT_AND_MEASUREMENT_CLOSURE.md,63,../../../../backend/nq-core/src/main/java/com/guidinglight/nexusquant/strategy/application/shadowrun/ShadowRunOverviewQueryService.java,backend/nq-core/src/main/java/com/guidinglight/nexusquant/strategy/application/shadowrun/ShadowRunOverviewQueryService.java,MOVED_TARGET_HAS_CANONICAL_LOCATION,backend/nq-core/src/main/java/com/guidinglight/nexusquant/strategy/application/shadowrun/service/ShadowRunOverviewQueryService.java,43b2dfed91856179b8e364ec474f7bb6aa987ac93c3ca0f990ac24e4850d7abf,d6b4ebb46ac5151657721fd2fec200a653508231bc06ebb606dc683623ecb4f0,False,REPAIR_LINK_TO_CANONICAL_TARGET
docs/audit/evidence/phase6-l6/RECONCILIATION_SAME_STATE_CONVERGENCE_CORRECTNESS_REVIEW.md,40,../../../../backend/nq-scheduler/src/main/java/com/guidinglight/nexusquant/scheduler/service/OkxRestReconcileService.java,backend/nq-scheduler/src/main/java/com/guidinglight/nexusquant/scheduler/service/OkxRestReconcileService.java,MOVED_TARGET_HAS_CANONICAL_LOCATION,backend/nq-scheduler/src/main/java/com/guidinglight/nexusquant/scheduler/recovery/OkxRestReconcileService.java,aa839bc6b046a58427ecac0951674b17b9c3045fb01bce8bd763834c30257d93,aa839bc6b046a58427ecac0951674b17b9c3045fb01bce8bd763834c30257d93,True,REPAIR_LINK_TO_CANONICAL_TARGET
docs/audit/evidence/phase6-l6/RECONCILIATION_SAME_STATE_CONVERGENCE_CORRECTNESS_REVIEW.md,41,../../../../backend/nq-core/src/main/java/com/guidinglight/nexusquant/trading/application/OrderLifecycleService.java,backend/nq-core/src/main/java/com/guidinglight/nexusquant/trading/application/OrderLifecycleService.java,MOVED_TARGET_HAS_CANONICAL_LOCATION,backend/nq-core/src/main/java/com/guidinglight/nexusquant/trading/application/service/OrderLifecycleService.java,aa839bc6b046a58427ecac0951674b17b9c3045fb01bce8bd763834c30257d93,aa839bc6b046a58427ecac0951674b17b9c3045fb01bce8bd763834c30257d93,True,REPAIR_LINK_TO_CANONICAL_TARGET
docs/audit/evidence/phase6-l6/RECONCILIATION_SAME_STATE_CONVERGENCE_CORRECTNESS_REVIEW.md,41,../../../../backend/nq-core/src/main/java/com/guidinglight/nexusquant/trading/application/OrderCommandService.java,backend/nq-core/src/main/java/com/guidinglight/nexusquant/trading/application/OrderCommandService.java,MOVED_TARGET_HAS_CANONICAL_LOCATION,backend/nq-core/src/main/java/com/guidinglight/nexusquant/trading/application/service/OrderCommandService.java,aa839bc6b046a58427ecac0951674b17b9c3045fb01bce8bd763834c30257d93,aa839bc6b046a58427ecac0951674b17b9c3045fb01bce8bd763834c30257d93,True,REPAIR_LINK_TO_CANONICAL_TARGET
docs/audit/evidence/phase6-l6/RECONCILIATION_SAME_STATE_CONVERGENCE_CORRECTNESS_REVIEW.md,42,../../../../backend/nq-core/src/main/java/com/guidinglight/nexusquant/trading/application/OrderCommandWriteService.java,backend/nq-core/src/main/java/com/guidinglight/nexusquant/trading/application/OrderCommandWriteService.java,MOVED_TARGET_HAS_CANONICAL_LOCATION,backend/nq-core/src/main/java/com/guidinglight/nexusquant/trading/application/service/OrderCommandWriteService.java,aa839bc6b046a58427ecac0951674b17b9c3045fb01bce8bd763834c30257d93,aa839bc6b046a58427ecac0951674b17b9c3045fb01bce8bd763834c30257d93,True,REPAIR_LINK_TO_CANONICAL_TARGET
docs/audit/evidence/phase6-l6/RECONCILIATION_SAME_STATE_CONVERGENCE_REMEDIATION.md,23,../../../../backend/nq-scheduler/src/main/java/com/guidinglight/nexusquant/scheduler/service/OkxRestReconcileService.java,backend/nq-scheduler/src/main/java/com/guidinglight/nexusquant/scheduler/service/OkxRestReconcileService.java,MOVED_TARGET_HAS_CANONICAL_LOCATION,backend/nq-scheduler/src/main/java/com/guidinglight/nexusquant/scheduler/recovery/OkxRestReconcileService.java,80bdd83e292483af48689b6fb2fa75a6b583b35443e8caaa386f153a7301d169,80bdd83e292483af48689b6fb2fa75a6b583b35443e8caaa386f153a7301d169,True,REPAIR_LINK_TO_CANONICAL_TARGET
docs/audit/evidence/phase6-l6/RECONCILIATION_SAME_STATE_CONVERGENCE_REMEDIATION.md,23,../../../../backend/nq-core/src/main/java/com/guidinglight/nexusquant/trading/application/OrderLifecycleService.java,backend/nq-core/src/main/java/com/guidinglight/nexusquant/trading/application/OrderLifecycleService.java,MOVED_TARGET_HAS_CANONICAL_LOCATION,backend/nq-core/src/main/java/com/guidinglight/nexusquant/trading/application/service/OrderLifecycleService.java,80bdd83e292483af48689b6fb2fa75a6b583b35443e8caaa386f153a7301d169,80bdd83e292483af48689b6fb2fa75a6b583b35443e8caaa386f153a7301d169,True,REPAIR_LINK_TO_CANONICAL_TARGET
docs/audit/evidence/phase6-l6/RECONCILIATION_SAME_STATE_CONVERGENCE_REMEDIATION.md,23,../../../../backend/nq-core/src/main/java/com/guidinglight/nexusquant/trading/application/OrderCommandService.java,backend/nq-core/src/main/java/com/guidinglight/nexusquant/trading/application/OrderCommandService.java,MOVED_TARGET_HAS_CANONICAL_LOCATION,backend/nq-core/src/main/java/com/guidinglight/nexusquant/trading/application/service/OrderCommandService.java,80bdd83e292483af48689b6fb2fa75a6b583b35443e8caaa386f153a7301d169,80bdd83e292483af48689b6fb2fa75a6b583b35443e8caaa386f153a7301d169,True,REPAIR_LINK_TO_CANONICAL_TARGET
docs/audit/evidence/phase6-l6/RECONCILIATION_SAME_STATE_CONVERGENCE_REMEDIATION.md,23,../../../../backend/nq-core/src/main/java/com/guidinglight/nexusquant/trading/application/OrderCommandWriteService.java,backend/nq-core/src/main/java/com/guidinglight/nexusquant/trading/application/OrderCommandWriteService.java,MOVED_TARGET_HAS_CANONICAL_LOCATION,backend/nq-core/src/main/java/com/guidinglight/nexusquant/trading/application/service/OrderCommandWriteService.java,80bdd83e292483af48689b6fb2fa75a6b583b35443e8caaa386f153a7301d169,80bdd83e292483af48689b6fb2fa75a6b583b35443e8caaa386f153a7301d169,True,REPAIR_LINK_TO_CANONICAL_TARGET
